{"service_clusters": {"12": [0.0, 11.0], "13": [1.0, 0.0, 11.0], "14": [2.0, 1.0, 0.0, 11.0], "15": [3.0, 2.0, 1.0, 0.0, 11.0], "16": [4.0, 3.0, 2.0, 1.0, 0.0, 11.0], "17": [5.0, 4.0, 3.0, 2.0, 1.0, 0.0, 11.0], "18": [6.0, 5.0, 4.0, 3.0, 2.0, 1.0, 0.0, 11.0], "19": [7.0, 6.0, 5.0, 4.0, 3.0, 2.0, 1.0, 0.0, 11.0], "20": [8.0, 7.0, 6.0, 5.0, 4.0, 3.0, 2.0, 1.0, 0.0, 11.0], "21": [9.0, 8.0, 7.0, 6.0, 5.0, 4.0, 3.0, 2.0, 1.0, 0.0, 11.0], "22": [10.0, 9.0, 8.0, 7.0, 6.0, 5.0, 4.0, 3.0, 2.0, 1.0, 0.0, 11.0], "0": [0], "1": [1], "2": [2], "3": [3], "4": [4], "5": [5], "6": [6], "7": [7], "8": [8], "9": [9], "10": [10], "11": [11]}}